{"stats":{"minecraft:custom":{"minecraft:time_since_rest":18995,"minecraft:walk_one_cm":28686,"minecraft:leave_game":4,"minecraft:mob_kills":2,"minecraft:damage_taken":700,"minecraft:play_time":53168,"minecraft:damage_dealt":324,"minecraft:jump":205,"minecraft:time_since_death":18974,"minecraft:aviate_one_cm":5534822,"minecraft:sprint_one_cm":13070,"minecraft:open_chest":13,"minecraft:inspect_dispenser":4,"minecraft:inspect_hopper":1,"minecraft:fall_one_cm":8889,"minecraft:total_world_time":53300,"minecraft:fly_one_cm":315845,"minecraft:interact_with_anvil":1,"minecraft:walk_on_water_one_cm":14475,"minecraft:crouch_one_cm":4915,"minecraft:sneak_time":3355,"minecraft:deaths":1},"minecraft:picked_up":{"minecraft:zombified_piglin_spawn_egg":1,"minecraft:light_blue_dye":1,"minecraft:armadillo_spawn_egg":1,"minecraft:glass":1,"minecraft:smooth_stone":1,"minecraft:orange_dye":1,"minecraft:pink_dye":1,"minecraft:oak_sign":4,"minecraft:red_dye":1,"minecraft:armadillo_scute":7,"minecraft:firework_rocket":26,"minecraft:sandstone":1,"minecraft:elytra":1,"minecraft:quartz_pillar":64,"minecraft:silverfish_spawn_egg":64,"minecraft:netherite_sword":1,"minecraft:glow_ink_sac":1},"minecraft:killed":{"minecraft:armadillo":1},"minecraft:used":{"minecraft:diamond_block":1,"minecraft:smooth_stone":71,"minecraft:pink_dye":3,"minecraft:zombified_piglin_spawn_egg":2,"minecraft:netherite_sword":3,"minecraft:quartz_pillar":1,"minecraft:light_blue_dye":4,"minecraft:glow_ink_sac":11,"minecraft:blue_dye":2,"minecraft:lime_glazed_terracotta":1,"minecraft:elytra":3,"minecraft:armadillo_spawn_egg":64,"minecraft:oak_sign":27,"minecraft:glass":20,"minecraft:silverfish_spawn_egg":1000,"minecraft:red_dye":1,"minecraft:orange_dye":5,"minecraft:anvil":1,"minecraft:gold_block":1,"minecraft:sandstone":17}},"DataVersion":4438}